Title,Ratings,Price
The Four Loves (C. S. Lewis Signature Classic),708 ratings,₹374.00
Everything Happens for a Reason: And Other Lies I've Loved,"1,887 ratings",₹454.00
Blue Like Jazz: Nonreligious Thoughts on Christian Spirituality,791 ratings,₹500.00
Find Your People: Building Deep Community in a Lonely World (Random House Large Print),445 ratings,"₹1,582.00"
The Pursuit of God: The Human Thirst for the Divine,"3,292 ratings",
The Reason for God: Belief in an Age of Skepticism,"3,027 ratings","₹1,125.00"
A Stranger's Game (A Bitter Creek Novel),84 ratings,
God Bless This Mess: Learning to Live and Love Through Life's Best (and Worst) Moments,635 ratings,"₹1,099.00"
The Bookshop Detective: 2 (The Bookshop by the Sea Series),9 ratings,₹708.00
Redeeming Love: A Novel,"13,912 ratings",
Crazy Love: Overwhelmed by a Relentless God,"3,710 ratings","₹1,152.00"
The Screwtape Letters,"8,426 ratings",₹284.00
Mere Christianity Study Guide: A Bible Study on the C.S. Lewis Book Mere Christianity (CS Lewis Study),437 ratings,₹927.00
The Hiding Place: The Triumphant True Story of Corrie Ten Boom,"2,061 ratings",
The Problem of Pain Study Guide: A Bible Study on the C.S. Lewis Book The Problem of Pain (CS Lewis Study),32 ratings,"₹1,223.00"
Heaven is for Real: A Little Boy's Astounding Story of His Trip to Heaven and Back,"13,828 ratings",
Once Upon a Wardrobe: A Story of Narnia and a Sister's Love,553 ratings,"₹1,554.00"
The Case for Christ Movie Edition: Solving the Biggest Mystery of All Time (Case for ... Series),67 ratings,"₹1,005.00"
The Great Divorce Study Guide: A Bible Study on The Great Divorce by C.S. Lewis (CS Lewis Study),140 ratings,"₹1,375.00"
The Stranger in the Lifeboat: The uplifting new novel from the bestselling author of Tuesdays with Morrie,"7,269 ratings",₹407.00
